{"parent":"minecraft:item/generated","textures":{"layer0":"minecraft:item/leather_horse_armor"},"overrides":[{"predicate":{"custom_model_data":1},"model":"modelengine:golem_rage/body_base_cubes"},{"predicate":{"custom_model_data":2},"model":"modelengine:golem_rage/body_mid_cubes"},{"predicate":{"custom_model_data":3},"model":"modelengine:golem_rage/spine_crystal_cubes"},{"predicate":{"custom_model_data":4},"model":"modelengine:golem_rage/spine_crystal_1"},{"predicate":{"custom_model_data":5},"model":"modelengine:golem_rage/spine_crystal_2"},{"predicate":{"custom_model_data":6},"model":"modelengine:golem_rage/spine_crystal_3"},{"predicate":{"custom_model_data":7},"model":"modelengine:golem_rage/top_horn"},{"predicate":{"custom_model_data":8},"model":"modelengine:golem_rage/lshoulder"},{"predicate":{"custom_model_data":9},"model":"modelengine:golem_rage/rshoulder"},{"predicate":{"custom_model_data":10},"model":"modelengine:golem_rage/body_high_cubes"},{"predicate":{"custom_model_data":11},"model":"modelengine:golem_rage/rstrip_p_2"},{"predicate":{"custom_model_data":12},"model":"modelengine:golem_rage/rstrip_p_3"},{"predicate":{"custom_model_data":13},"model":"modelengine:golem_rage/rstrip_p_1"},{"predicate":{"custom_model_data":14},"model":"modelengine:golem_rage/rstrip"},{"predicate":{"custom_model_data":15},"model":"modelengine:golem_rage/lstrip_p_2"},{"predicate":{"custom_model_data":16},"model":"modelengine:golem_rage/lstrip_p_3"},{"predicate":{"custom_model_data":17},"model":"modelengine:golem_rage/lstrip_p_1"},{"predicate":{"custom_model_data":18},"model":"modelengine:golem_rage/lstrip"},{"predicate":{"custom_model_data":19},"model":"modelengine:golem_rage/head_cubes"},{"predicate":{"custom_model_data":20},"model":"modelengine:golem_rage/rarm_cubes"},{"predicate":{"custom_model_data":21},"model":"modelengine:golem_rage/rarm_2"},{"predicate":{"custom_model_data":22},"model":"modelengine:golem_rage/finger_1"},{"predicate":{"custom_model_data":23},"model":"modelengine:golem_rage/finger_1_1"},{"predicate":{"custom_model_data":24},"model":"modelengine:golem_rage/finger_2"},{"predicate":{"custom_model_data":25},"model":"modelengine:golem_rage/finger_2_2"},{"predicate":{"custom_model_data":26},"model":"modelengine:golem_rage/finger_3"},{"predicate":{"custom_model_data":27},"model":"modelengine:golem_rage/rarm1_cubes"},{"predicate":{"custom_model_data":28},"model":"modelengine:golem_rage/boulder"},{"predicate":{"custom_model_data":29},"model":"modelengine:golem_rage/larm_cubes"},{"predicate":{"custom_model_data":30},"model":"modelengine:golem_rage/larm1_cubes"},{"predicate":{"custom_model_data":31},"model":"modelengine:golem_rage/larm2_cubes"},{"predicate":{"custom_model_data":32},"model":"modelengine:golem_rage/torso_cubes"},{"predicate":{"custom_model_data":33},"model":"modelengine:golem_rage/torso_horn"},{"predicate":{"custom_model_data":34},"model":"modelengine:golem_rage/butt_horn_1"},{"predicate":{"custom_model_data":35},"model":"modelengine:golem_rage/butt_horn_2"},{"predicate":{"custom_model_data":36},"model":"modelengine:golem_rage/rleg_cubes"},{"predicate":{"custom_model_data":37},"model":"modelengine:golem_rage/rleg1_cubes"},{"predicate":{"custom_model_data":38},"model":"modelengine:golem_rage/rleg_2"},{"predicate":{"custom_model_data":39},"model":"modelengine:golem_rage/lleg_cubes"},{"predicate":{"custom_model_data":40},"model":"modelengine:golem_rage/lleg1_cubes"},{"predicate":{"custom_model_data":41},"model":"modelengine:golem_rage/lleg_2"},{"predicate":{"custom_model_data":42},"model":"modelengine:golem_rage/lleg3_cubes"},{"predicate":{"custom_model_data":43},"model":"modelengine:golem_spawn/body_base_cubes"},{"predicate":{"custom_model_data":44},"model":"modelengine:golem_spawn/body_mid_cubes"},{"predicate":{"custom_model_data":45},"model":"modelengine:golem_spawn/spine_crystal_cubes"},{"predicate":{"custom_model_data":46},"model":"modelengine:golem_spawn/spine_crystal_1"},{"predicate":{"custom_model_data":47},"model":"modelengine:golem_spawn/spine_crystal_2"},{"predicate":{"custom_model_data":48},"model":"modelengine:golem_spawn/spine_crystal_3"},{"predicate":{"custom_model_data":49},"model":"modelengine:golem_spawn/top_horn"},{"predicate":{"custom_model_data":50},"model":"modelengine:golem_spawn/lshoulder"},{"predicate":{"custom_model_data":51},"model":"modelengine:golem_spawn/rshoulder"},{"predicate":{"custom_model_data":52},"model":"modelengine:golem_spawn/body_high_cubes"},{"predicate":{"custom_model_data":53},"model":"modelengine:golem_spawn/rstrip_p_2"},{"predicate":{"custom_model_data":54},"model":"modelengine:golem_spawn/rstrip_p_3"},{"predicate":{"custom_model_data":55},"model":"modelengine:golem_spawn/rstrip_p_1"},{"predicate":{"custom_model_data":56},"model":"modelengine:golem_spawn/rstrip"},{"predicate":{"custom_model_data":57},"model":"modelengine:golem_spawn/lstrip_p_2"},{"predicate":{"custom_model_data":58},"model":"modelengine:golem_spawn/lstrip_p_3"},{"predicate":{"custom_model_data":59},"model":"modelengine:golem_spawn/lstrip_p_1"},{"predicate":{"custom_model_data":60},"model":"modelengine:golem_spawn/lstrip"},{"predicate":{"custom_model_data":61},"model":"modelengine:golem_spawn/head_cubes"},{"predicate":{"custom_model_data":62},"model":"modelengine:golem_spawn/rarm_cubes"},{"predicate":{"custom_model_data":63},"model":"modelengine:golem_spawn/rarm_2"},{"predicate":{"custom_model_data":64},"model":"modelengine:golem_spawn/finger_1"},{"predicate":{"custom_model_data":65},"model":"modelengine:golem_spawn/finger_1_1"},{"predicate":{"custom_model_data":66},"model":"modelengine:golem_spawn/finger_2"},{"predicate":{"custom_model_data":67},"model":"modelengine:golem_spawn/finger_2_2"},{"predicate":{"custom_model_data":68},"model":"modelengine:golem_spawn/finger_3"},{"predicate":{"custom_model_data":69},"model":"modelengine:golem_spawn/void"},{"predicate":{"custom_model_data":70},"model":"modelengine:golem_spawn/rarm1_cubes"},{"predicate":{"custom_model_data":71},"model":"modelengine:golem_spawn/larm_cubes"},{"predicate":{"custom_model_data":72},"model":"modelengine:golem_spawn/larm1_cubes"},{"predicate":{"custom_model_data":73},"model":"modelengine:golem_spawn/larm2_cubes"},{"predicate":{"custom_model_data":74},"model":"modelengine:golem_spawn/torso_cubes"},{"predicate":{"custom_model_data":75},"model":"modelengine:golem_spawn/torso_horn"},{"predicate":{"custom_model_data":76},"model":"modelengine:golem_spawn/butt_horn_1"},{"predicate":{"custom_model_data":77},"model":"modelengine:golem_spawn/butt_horn_2"},{"predicate":{"custom_model_data":78},"model":"modelengine:golem_spawn/rleg_cubes"},{"predicate":{"custom_model_data":79},"model":"modelengine:golem_spawn/rleg1_cubes"},{"predicate":{"custom_model_data":80},"model":"modelengine:golem_spawn/rleg_2"},{"predicate":{"custom_model_data":81},"model":"modelengine:golem_spawn/lleg_cubes"},{"predicate":{"custom_model_data":82},"model":"modelengine:golem_spawn/lleg1_cubes"},{"predicate":{"custom_model_data":83},"model":"modelengine:golem_spawn/lleg_2"},{"predicate":{"custom_model_data":84},"model":"modelengine:golem_spawn/lleg3_cubes"}]}